Compartment,Mean_F1,Mean_Accuracy,Mean_Misclassification
Golgi,0.91684435,0.984120521,0.015879479
Membrane,0.935031847,0.937703583,0.062296417
Extracellular,0.918859649,0.969869707,0.030130293
Endoplasmic_Reticulum,0.899082569,0.977605863,0.022394137
Nucleus,0.91301416,0.94747557,0.05252443
Cytoplasm,0.890449438,0.936482085,0.063517915
